[{"model": "blog.blogindexpage", "pk": 3, "fields": {"intro": "Welcome to our blog"}}, {"model": "blog.supportpage", "pk": 6, "fields": {"page_header_title": "Support Cash Matters", "page_header_image": null, "description_title": "", "description_image": null, "description_content": "", "description_link": "", "video_file": null, "video_background_image": null, "introduction": "", "media_contacts": "", "members_only": ""}}, {"model": "blog.whycashmatterspage", "pk": 7, "fields": {"date": "2025-12-19", "intro": "Understanding the importance of cash in today's economy", "body": "[]", "title_position": "", "page_header": "", "page_header_image": null, "tall_thumbnail": null, "wide_thumbnail": null, "featured": false, "double_width": false, "white_text": false, "hide_title": false, "color": "", "cm_watermark": false, "alternative_text": "", "icon": null, "twitter_body": "", "vimeo_id": "", "source_link": "", "facts": "[]", "article_types": [], "locations": [], "sectors": []}}, {"model": "wagtailsearch.indexentry", "pk": 1, "fields": {"content_type": 31, "object_id": "3", "title_norm": 1.3333333333333333, "autocomplete": "'blog':1", "title": "'blog':1B", "body": ""}}, {"model": "wagtailsearch.indexentry", "pk": 7, "fields": {"content_type": 1, "object_id": "1", "title_norm": 1.3333333333333333, "autocomplete": "'root':1", "title": "'root':1B", "body": ""}}, {"model": "wagtailsearch.indexentry", "pk": 9, "fields": {"content_type": 36, "object_id": "6", "title_norm": 1.25, "autocomplete": "'support':1", "title": "'support':1B", "body": "'cash':2 'matter':3 'support':1"}}, {"model": "wagtailsearch.indexentry", "pk": 11, "fields": {"content_type": 35, "object_id": "7", "title_norm": 0.625, "autocomplete": "'cash':2 'matters':3 'why':1", "title": "'cash':2B 'matter':3B", "body": "'cash':5 'economi':9 'import':3 'today':7 'understand':1"}}, {"model": "wagtailcore.locale", "pk": 1, "fields": {"language_code": "en"}}, {"model": "wagtailcore.site", "pk": 1, "fields": {"hostname": "localhost", "port": 80, "site_name": "", "root_page": 2, "is_default_site": true}}, {"model": "wagtailcore.collection", "pk": 1, "fields": {"path": "0001", "depth": 1, "numchild": 0, "name": "Root"}}, {"model": "wagtailcore.groupcollectionpermission", "pk": 1, "fields": {"group": 1, "collection": 1, "permission": 1}}, {"model": "wagtailcore.groupcollectionpermission", "pk": 2, "fields": {"group": 2, "collection": 1, "permission": 1}}, {"model": "wagtailcore.groupcollectionpermission", "pk": 3, "fields": {"group": 1, "collection": 1, "permission": 2}}, {"model": "wagtailcore.groupcollectionpermission", "pk": 4, "fields": {"group": 2, "collection": 1, "permission": 2}}, {"model": "wagtailcore.groupcollectionpermission", "pk": 5, "fields": {"group": 1, "collection": 1, "permission": 5}}, {"model": "wagtailcore.groupcollectionpermission", "pk": 6, "fields": {"group": 2, "collection": 1, "permission": 5}}, {"model": "wagtailcore.groupcollectionpermission", "pk": 7, "fields": {"group": 1, "collection": 1, "permission": 6}}, {"model": "wagtailcore.groupcollectionpermission", "pk": 8, "fields": {"group": 2, "collection": 1, "permission": 6}}, {"model": "wagtailcore.groupcollectionpermission", "pk": 9, "fields": {"group": 1, "collection": 1, "permission": 7}}, {"model": "wagtailcore.groupcollectionpermission", "pk": 10, "fields": {"group": 2, "collection": 1, "permission": 7}}, {"model": "wagtailcore.groupcollectionpermission", "pk": 11, "fields": {"group": 1, "collection": 1, "permission": 9}}, {"model": "wagtailcore.groupcollectionpermission", "pk": 12, "fields": {"group": 2, "collection": 1, "permission": 9}}, {"model": "wagtailcore.workflow", "pk": 1, "fields": {"name": "Moderators approval", "active": true}}, {"model": "wagtailcore.workflowtask", "pk": 1, "fields": {"sort_order": 0, "workflow": 1, "task": 1}}, {"model": "wagtailcore.task", "pk": 1, "fields": {"name": "Moderators approval", "content_type": 5, "active": true}}, {"model": "wagtailcore.groupapprovaltask", "pk": 1, "fields": {"groups": [1]}}, {"model": "wagtailcore.page", "pk": 1, "fields": {"path": "0001", "depth": 1, "numchild": 4, "translation_key": "b3020c27-846b-4f66-82c7-488d0a7aa19c", "locale": 1, "latest_revision": null, "live": true, "has_unpublished_changes": false, "first_published_at": null, "last_published_at": null, "live_revision": null, "go_live_at": null, "expire_at": null, "expired": false, "locked": false, "locked_at": null, "locked_by": null, "title": "Root", "draft_title": "Root", "slug": "root", "content_type": 1, "url_path": "/", "owner": null, "seo_title": "", "show_in_menus": false, "search_description": "", "latest_revision_created_at": null, "alias_of": null}}, {"model": "wagtailcore.page", "pk": 2, "fields": {"path": "00010001", "depth": 2, "numchild": 0, "translation_key": "883e0888-5641-4003-aa11-0bffa31b2cbe", "locale": 1, "latest_revision": null, "live": true, "has_unpublished_changes": false, "first_published_at": null, "last_published_at": null, "live_revision": null, "go_live_at": null, "expire_at": null, "expired": false, "locked": false, "locked_at": null, "locked_by": null, "title": "Welcome to your new Wagtail site!", "draft_title": "Welcome to your new Wagtail site!", "slug": "home", "content_type": 1, "url_path": "/home/", "owner": null, "seo_title": "", "show_in_menus": false, "search_description": "", "latest_revision_created_at": null, "alias_of": null}}, {"model": "wagtailcore.page", "pk": 3, "fields": {"path": "00010002", "depth": 2, "numchild": 0, "translation_key": "5cbce3cf-47b9-490d-917c-af6ed6453291", "locale": 1, "latest_revision": null, "live": true, "has_unpublished_changes": false, "first_published_at": null, "last_published_at": null, "live_revision": null, "go_live_at": null, "expire_at": null, "expired": false, "locked": false, "locked_at": null, "locked_by": null, "title": "Blog", "draft_title": "Blog", "slug": "blog", "content_type": 31, "url_path": "/blog/", "owner": null, "seo_title": "", "show_in_menus": false, "search_description": "", "latest_revision_created_at": null, "alias_of": null}}, {"model": "wagtailcore.page", "pk": 6, "fields": {"path": "00010003", "depth": 2, "numchild": 0, "translation_key": "9e488c55-8c31-491f-b74c-56cdb8c61beb", "locale": 1, "latest_revision": null, "live": true, "has_unpublished_changes": false, "first_published_at": null, "last_published_at": null, "live_revision": null, "go_live_at": null, "expire_at": null, "expired": false, "locked": false, "locked_at": null, "locked_by": null, "title": "Support", "draft_title": "Support", "slug": "support", "content_type": 36, "url_path": "/support/", "owner": null, "seo_title": "", "show_in_menus": false, "search_description": "", "latest_revision_created_at": null, "alias_of": null}}, {"model": "wagtailcore.page", "pk": 7, "fields": {"path": "00010004", "depth": 2, "numchild": 0, "translation_key": "c31e8891-be2d-4be5-985c-f38ed4a70f79", "locale": 1, "latest_revision": null, "live": true, "has_unpublished_changes": false, "first_published_at": null, "last_published_at": null, "live_revision": null, "go_live_at": null, "expire_at": null, "expired": false, "locked": false, "locked_at": null, "locked_by": null, "title": "Why Cash Matters", "draft_title": "Why Cash Matters", "slug": "why-cash-matters", "content_type": 35, "url_path": "/why-cash-matters/", "owner": null, "seo_title": "", "show_in_menus": false, "search_description": "", "latest_revision_created_at": null, "alias_of": null}}, {"model": "wagtailcore.grouppagepermission", "pk": 1, "fields": {"group": 1, "page": 1, "permission": 74}}, {"model": "wagtailcore.grouppagepermission", "pk": 2, "fields": {"group": 1, "page": 1, "permission": 75}}, {"model": "wagtailcore.grouppagepermission", "pk": 3, "fields": {"group": 1, "page": 1, "permission": 80}}, {"model": "wagtailcore.grouppagepermission", "pk": 4, "fields": {"group": 2, "page": 1, "permission": 74}}, {"model": "wagtailcore.grouppagepermission", "pk": 5, "fields": {"group": 2, "page": 1, "permission": 75}}, {"model": "wagtailcore.grouppagepermission", "pk": 6, "fields": {"group": 1, "page": 1, "permission": 79}}, {"model": "wagtailcore.grouppagepermission", "pk": 7, "fields": {"group": 1, "page": 1, "permission": 81}}, {"model": "wagtailcore.workflowpage", "pk": 1, "fields": {"workflow": 1}}, {"model": "wagtailcore.pagelogentry", "pk": 1, "fields": {"content_type": 31, "label": "Blog", "action": "wagtail.create", "data": {}, "timestamp": "2025-12-19T15:39:19.921Z", "uuid": null, "user": null, "revision": null, "content_changed": true, "deleted": false, "page": 3}}, {"model": "wagtailcore.pagelogentry", "pk": 2, "fields": {"content_type": 36, "label": "Support", "action": "wagtail.create", "data": {}, "timestamp": "2025-12-19T17:12:12.799Z", "uuid": null, "user": null, "revision": null, "content_changed": true, "deleted": false, "page": 4}}, {"model": "wagtailcore.pagelogentry", "pk": 3, "fields": {"content_type": 35, "label": "Why Cash Matters", "action": "wagtail.create", "data": {}, "timestamp": "2025-12-19T17:12:12.880Z", "uuid": null, "user": null, "revision": null, "content_changed": true, "deleted": false, "page": 5}}, {"model": "wagtailcore.pagelogentry", "pk": 4, "fields": {"content_type": 36, "label": "Support", "action": "wagtail.delete", "data": {}, "timestamp": "2025-12-19T17:12:23.441Z", "uuid": null, "user": null, "revision": null, "content_changed": false, "deleted": true, "page": 4}}, {"model": "wagtailcore.pagelogentry", "pk": 5, "fields": {"content_type": 35, "label": "Why Cash Matters", "action": "wagtail.delete", "data": {}, "timestamp": "2025-12-19T17:12:23.535Z", "uuid": null, "user": null, "revision": null, "content_changed": false, "deleted": true, "page": 5}}, {"model": "wagtailcore.pagelogentry", "pk": 6, "fields": {"content_type": 36, "label": "Support", "action": "wagtail.create", "data": {}, "timestamp": "2025-12-19T17:17:36.139Z", "uuid": null, "user": null, "revision": null, "content_changed": true, "deleted": false, "page": 6}}, {"model": "wagtailcore.pagelogentry", "pk": 7, "fields": {"content_type": 35, "label": "Why Cash Matters", "action": "wagtail.create", "data": {}, "timestamp": "2025-12-19T17:17:39.604Z", "uuid": null, "user": null, "revision": null, "content_changed": true, "deleted": false, "page": 7}}, {"model": "wagtailcore.pagesubscription", "pk": 1, "fields": {"user": 1, "page": 6, "comment_notifications": false}}, {"model": "wagtailcore.pagesubscription", "pk": 2, "fields": {"user": 1, "page": 7, "comment_notifications": false}}, {"model": "auth.group", "pk": 1, "fields": {"name": "Moderators", "permissions": [4, 6, 7, 9, 8, 1, 2, 5, 3]}}, {"model": "auth.group", "pk": 2, "fields": {"name": "Editors", "permissions": [4, 6, 7, 9, 8, 1, 2, 5, 3]}}, {"model": "auth.user", "pk": 1, "fields": {"password": "pbkdf2_sha256$1000000$WOHZTalYbcs6fGUe5zc79b$ISt0XTX/yR0PmoLCKcPXxtkj6+IuBmlLrpuXGMHV3rI=", "last_login": "2025-12-19T15:32:40.309Z", "is_superuser": true, "username": "admin", "first_name": "", "last_name": "", "email": "admin@example.com", "is_staff": true, "is_active": true, "date_joined": "2025-12-19T15:28:11.123Z", "groups": [], "user_permissions": []}}]