[{"model": "home.homepage", "pk": 3, "fields": {}}, {"model": "blog.articletype", "pk": 1, "fields": {"name": "News"}}, {"model": "blog.articletype", "pk": 2, "fields": {"name": "Events"}}, {"model": "blog.articletype", "pk": 3, "fields": {"name": "Studies"}}, {"model": "blog.articletype", "pk": 4, "fields": {"name": "Key Fact"}}, {"model": "blog.articletype", "pk": 5, "fields": {"name": "Key Facts"}}, {"model": "blog.articletype", "pk": 6, "fields": {"name": "Podcast"}}, {"model": "blog.location", "pk": 1, "fields": {"name": "Around the World"}}, {"model": "blog.location", "pk": 2, "fields": {"name": "Africa, Middle East & India"}}, {"model": "blog.location", "pk": 3, "fields": {"name": "Asia Pacific"}}, {"model": "blog.location", "pk": 4, "fields": {"name": "Europe"}}, {"model": "blog.location", "pk": 5, "fields": {"name": "Latin America & Caribbean"}}, {"model": "blog.location", "pk": 6, "fields": {"name": "The United States & Canada"}}, {"model": "blog.sector", "pk": 1, "fields": {"name": "Cash is Freedom"}}, {"model": "blog.sector", "pk": 2, "fields": {"name": "Cash is Fair"}}, {"model": "blog.sector", "pk": 3, "fields": {"name": "Cash is Simple"}}, {"model": "blog.sector", "pk": 4, "fields": {"name": "Cash is Friendly"}}, {"model": "blog.sector", "pk": 5, "fields": {"name": "Cash is Resilient"}}, {"model": "blog.sector", "pk": 6, "fields": {"name": "Cash is Common Sense"}}, {"model": "blog.sector", "pk": 7, "fields": {"name": "Cash is Inclusive"}}, {"model": "blog.sector", "pk": 8, "fields": {"name": "Cash is Private"}}, {"model": "blog.sector", "pk": 9, "fields": {"name": "Cash is Secure"}}, {"model": "blog.blogindexpage", "pk": 8, "fields": {"intro": ""}}, {"model": "blog.blogpage", "pk": 6, "fields": {"date": "2025-12-11", "intro": "Frank Test", "body": "[{\"type\": \"paragraph\", \"value\": \"<p data-block-key=\\\"0evob\\\">Test</p>\", \"id\": \"e5a602d2-cf3b-43ae-b511-614cbe7abfa0\"}]", "title_position": "Test", "page_header": "<p data-block-key=\"qguhp\">Test</p>", "page_header_image": 1, "tall_thumbnail": 1, "wide_thumbnail": null, "featured": true, "double_width": false, "white_text": true, "hide_title": false, "color": "", "cm_watermark": true, "alternative_text": "Test", "icon": null, "twitter_body": "Test", "vimeo_id": "321312", "source_link": "https://test.con", "article_types": [4, 5], "locations": [6], "sectors": [9]}}, {"model": "blog.blogpage", "pk": 7, "fields": {"date": "2025-12-11", "intro": "Blog", "body": "[]", "title_position": "", "page_header": "", "page_header_image": null, "tall_thumbnail": null, "wide_thumbnail": null, "featured": false, "double_width": false, "white_text": false, "hide_title": false, "color": "", "cm_watermark": false, "alternative_text": "", "icon": null, "twitter_body": "", "vimeo_id": "", "source_link": "", "article_types": [], "locations": [], "sectors": []}}, {"model": "blog.blogpage", "pk": 9, "fields": {"date": "2025-12-11", "intro": "Test", "body": "[{\"type\": \"paragraph\", \"value\": \"test\", \"id\": \"4684cb36-2582-438e-98ff-76478fc176d2\"}]", "title_position": "", "page_header": "", "page_header_image": null, "tall_thumbnail": null, "wide_thumbnail": null, "featured": false, "double_width": false, "white_text": false, "hide_title": false, "color": "", "cm_watermark": false, "alternative_text": "", "icon": null, "twitter_body": "", "vimeo_id": "", "source_link": "", "article_types": [], "locations": [], "sectors": []}}, {"model": "blog.newsindexpage", "pk": 10, "fields": {"intro": "Latest news and articles from Cash Matters"}}, {"model": "blog.articlepage", "pk": 11, "fields": {"date": "2025-12-14", "intro": "Exploring how digital payments are evolving and what it means for traditional cash systems.", "body": "[{\"type\": \"paragraph\", \"value\": \"\\n                <p>Digital payments have revolutionized the way we handle\\n                transactions in recent years. From mobile wallets to\\n                cryptocurrency, the landscape is constantly changing.</p>\\n\\n                <p>However, traditional cash remains a cornerstone of financial\\n                inclusion, providing privacy, security, and accessibility that\\n                digital systems often struggle to match.</p>\\n\\n                <p>This article explores the current state of digital payments\\n                and their coexistence with physical currency in modern\\n                economies.</p>\\n                \", \"id\": \"0483e465-1dff-437f-b87b-7d398d39747b\"}]", "title_position": "", "page_header": "", "page_header_image": null, "tall_thumbnail": null, "wide_thumbnail": null, "featured": false, "double_width": false, "white_text": false, "hide_title": false, "color": "", "cm_watermark": false, "alternative_text": "", "icon": null, "twitter_body": "", "vimeo_id": "", "source_link": "", "article_types": [], "locations": [], "sectors": []}}, {"model": "blog.articlepage", "pk": 12, "fields": {"date": "2025-12-14", "intro": "An in-depth look at privacy implications of cash versus digital payment methods.", "body": "[{\"type\": \"paragraph\", \"value\": \"\\n                <p>Privacy is becoming an increasingly important consideration in financial transactions. While digital payments offer convenience and traceability, they also raise significant privacy concerns.</p>\\n\\n                <p>Cash transactions, by their very nature, provide a level of anonymity that digital systems cannot match without additional privacy-preserving technologies.</p>\\n\\n                <p>This post examines the privacy trade-offs between different payment methods and their implications for consumers and businesses.</p>\\n                \", \"id\": \"abe5215d-6982-4fbf-92e8-d4ab770c6e60\"}]", "title_position": "", "page_header": "", "page_header_image": null, "tall_thumbnail": null, "wide_thumbnail": null, "featured": false, "double_width": false, "white_text": false, "hide_title": false, "color": "", "cm_watermark": false, "alternative_text": "", "icon": null, "twitter_body": "", "vimeo_id": "", "source_link": "", "article_types": [], "locations": [], "sectors": []}}, {"model": "blog.articlepage", "pk": 13, "fields": {"date": "2025-12-14", "intro": "How cash continues to play a vital role in ensuring financial access for underserved populations.", "body": "[{\"type\": \"paragraph\", \"value\": \"\\n                <p>Financial inclusion remains a global challenge, with millions of people still excluded from formal banking systems. Cash plays a crucial role in bridging this gap.</p>\\n\\n                <p>While digital solutions promise greater efficiency, they often require infrastructure and literacy that many communities lack. Cash provides a universal, accessible alternative.</p>\\n\\n                <p>Learn about initiatives and strategies that leverage cash to promote financial inclusion worldwide.</p>\\n                \", \"id\": \"248c9d5e-1c05-49ba-97f0-2764a9c4ca1e\"}]", "title_position": "", "page_header": "", "page_header_image": null, "tall_thumbnail": null, "wide_thumbnail": null, "featured": false, "double_width": false, "white_text": false, "hide_title": false, "color": "", "cm_watermark": false, "alternative_text": "", "icon": null, "twitter_body": "", "vimeo_id": "", "source_link": "", "article_types": [], "locations": [], "sectors": []}}, {"model": "blog.articlepage", "pk": 14, "fields": {"date": "2025-12-14", "intro": "dasdad", "body": "[{\"type\": \"paragraph\", \"value\": \"<p data-block-key=\\\"ruilv\\\">asdadasd</p>\", \"id\": \"83ceba95-b4ee-4e26-8f23-ad7806924b60\"}]", "title_position": "dasd", "page_header": "<p data-block-key=\"enk1c\">dasdsd</p>", "page_header_image": 1, "tall_thumbnail": 1, "wide_thumbnail": null, "featured": true, "double_width": false, "white_text": true, "hide_title": false, "color": "sdasd", "cm_watermark": false, "alternative_text": "dasdasd", "icon": null, "twitter_body": "dasdad", "vimeo_id": "adadad", "source_link": "", "article_types": [4], "locations": [1], "sectors": [1]}}, {"model": "blog.articlepage", "pk": 15, "fields": {"date": "2025-12-15", "intro": "Test", "body": "[{\"type\": \"paragraph\", \"value\": \"<p data-block-key=\\\"2t56r\\\">Test</p>\", \"id\": \"e0f4b0ae-4cb7-4704-8786-2f8984be5f26\"}]", "title_position": "test", "page_header": "<p data-block-key=\"r5sh4\">Test</p>", "page_header_image": null, "tall_thumbnail": 1, "wide_thumbnail": 1, "featured": true, "double_width": true, "white_text": true, "hide_title": false, "color": "Test", "cm_watermark": true, "alternative_text": "Test", "icon": null, "twitter_body": "Test", "vimeo_id": "3213123", "source_link": "https://test.com", "article_types": [1], "locations": [4], "sectors": [9]}}, {"model": "blog.articlepage", "pk": 16, "fields": {"date": "2025-12-17", "intro": "dew", "body": "[{\"type\": \"heading\", \"value\": \"Test\", \"id\": \"036609d9-4cef-4064-892e-2948432eb4e6\"}]", "title_position": "ewe", "page_header": "<p data-block-key=\"dh50o\">eqweqwe</p>", "page_header_image": null, "tall_thumbnail": 2, "wide_thumbnail": 3, "featured": true, "double_width": false, "white_text": false, "hide_title": false, "color": "Test", "cm_watermark": false, "alternative_text": "", "icon": null, "twitter_body": "Teat", "vimeo_id": "test", "source_link": "https://test.com", "article_types": [2], "locations": [3], "sectors": [9]}}, {"model": "wagtailusers.userprofile", "pk": 1, "fields": {"user": 3, "submitted_notifications": true, "approved_notifications": true, "rejected_notifications": true, "updated_comments_notifications": true, "preferred_language": "", "current_time_zone": "", "avatar": "", "dismissibles": {"help": true, "whats-new-in-wagtail-7.2": true, "editor-guide": true}, "theme": "system", "contrast": "system", "density": "default", "keyboard_shortcuts": true}}, {"model": "wagtailimages.image", "pk": 1, "fields": {"collection": 1, "title": "1_8eebdccb-ddea-495b-881e-14f661347d8a", "file": "original_images/1_8eebdccb-ddea-495b-881e-14f661347d8a.webp", "description": "", "width": 2444, "height": 2444, "created_at": "2025-12-11T08:58:22.497Z", "uploaded_by_user": 3, "focal_point_x": null, "focal_point_y": null, "focal_point_width": null, "focal_point_height": null, "file_size": 201152, "file_hash": "a731cccad3b072610ef8fc6ed972b33375398324"}}, {"model": "wagtailimages.image", "pk": 2, "fields": {"collection": 1, "title": "34567", "file": "original_images/34567.jpeg", "description": "", "width": 1200, "height": 700, "created_at": "2025-12-16T12:10:45.352Z", "uploaded_by_user": 3, "focal_point_x": null, "focal_point_y": null, "focal_point_width": null, "focal_point_height": null, "file_size": 167439, "file_hash": "22dc73db73238af4cf452a1cad518810b63293a7"}}, {"model": "wagtailimages.image", "pk": 3, "fields": {"collection": 1, "title": "bank_transfer", "file": "original_images/bank_transfer.png", "description": "", "width": 36, "height": 32, "created_at": "2025-12-16T12:14:45.691Z", "uploaded_by_user": 3, "focal_point_x": null, "focal_point_y": null, "focal_point_width": null, "focal_point_height": null, "file_size": 944, "file_hash": "ca131cf6c396070269c5add03d584ddeea8445d3"}}, {"model": "wagtailimages.rendition", "pk": 1, "fields": {"filter_spec": "max-165x165", "file": "images/1_8eebdccb-ddea-495b-881e-14f661347d8a.max-165x165.png", "width": 165, "height": 165, "focal_point_key": "", "image": 1}}, {"model": "wagtailimages.rendition", "pk": 2, "fields": {"filter_spec": "max-165x165", "file": "images/34567.max-165x165.jpg", "width": 165, "height": 96, "focal_point_key": "", "image": 2}}, {"model": "wagtailimages.rendition", "pk": 3, "fields": {"filter_spec": "max-165x165", "file": "images/bank_transfer.max-165x165.png", "width": 36, "height": 32, "focal_point_key": "", "image": 3}}, {"model": "wagtailsearch.indexentry", "pk": 2, "fields": {"content_type": 29, "object_id": "1", "title_norm": 0.5526315789473685, "autocomplete": "1_8eebdccb-ddea-495b-881e-14f661347d8a", "title": "1_8eebdccb-ddea-495b-881e-14f661347d8a", "body": ""}}, {"model": "wagtailsearch.indexentry", "pk": 3, "fields": {"content_type": 3, "object_id": "3", "title_norm": 3.8333333333333335, "autocomplete": "Home", "title": "Home", "body": ""}}, {"model": "wagtailsearch.indexentry", "pk": 5, "fields": {"content_type": 1, "object_id": "1", "title_norm": 3.8333333333333335, "autocomplete": "Root", "title": "Root", "body": ""}}, {"model": "wagtailsearch.indexentry", "pk": 6, "fields": {"content_type": 31, "object_id": "6", "title_norm": 3.125, "autocomplete": "Blog", "title": "Blog", "body": "Frank Test Test Test Test"}}, {"model": "wagtailsearch.indexentry", "pk": 7, "fields": {"content_type": 31, "object_id": "7", "title_norm": 2.7, "autocomplete": "Blog", "title": "Blog", "body": "Blog "}}, {"model": "wagtailsearch.indexentry", "pk": 8, "fields": {"content_type": 30, "object_id": "8", "title_norm": 2.4166666666666665, "autocomplete": "Blog", "title": "Blog", "body": ""}}, {"model": "wagtailsearch.indexentry", "pk": 9, "fields": {"content_type": 31, "object_id": "9", "title_norm": 2.2142857142857144, "autocomplete": "Test", "title": "Test", "body": "Test test"}}, {"model": "wagtailsearch.indexentry", "pk": 10, "fields": {"content_type": 53, "object_id": "10", "title_norm": 0.609375, "autocomplete": "News and Article", "title": "News and Article", "body": ""}}, {"model": "wagtailsearch.indexentry", "pk": 11, "fields": {"content_type": 51, "object_id": "11", "title_norm": 0.4, "autocomplete": "The Future of Digital Payments", "title": "The Future of Digital Payments", "body": "Exploring how digital payments are evolving and what it means for traditional cash systems. Digital payments have revolutionized the way we handle\n                transactions in recent years. From mobile wallets to\n                cryptocurrency, the landscape is constantly changing. \n\n                However, traditional cash remains a cornerstone of financial\n                inclusion, providing privacy, security, and accessibility that\n                digital systems often struggle to match. \n\n                This article explores the current state of digital payments\n                and their coexistence with physical currency in modern\n                economies.  "}}, {"model": "wagtailsearch.indexentry", "pk": 12, "fields": {"content_type": 51, "object_id": "12", "title_norm": 0.3769230769230769, "autocomplete": "Cash vs Digital: Privacy Considerations", "title": "Cash vs Digital: Privacy Considerations", "body": "An in-depth look at privacy implications of cash versus digital payment methods. Privacy is becoming an increasingly important consideration in financial transactions. While digital payments offer convenience and traceability, they also raise significant privacy concerns. \n\n                Cash transactions, by their very nature, provide a level of anonymity that digital systems cannot match without additional privacy-preserving technologies. \n\n                This post examines the privacy trade-offs between different payment methods and their implications for consumers and businesses.  "}}, {"model": "wagtailsearch.indexentry", "pk": 13, "fields": {"content_type": 51, "object_id": "13", "title_norm": 0.5085227272727273, "autocomplete": "Financial Inclusion Through Cash", "title": "Financial Inclusion Through Cash", "body": "How cash continues to play a vital role in ensuring financial access for underserved populations. Financial inclusion remains a global challenge, with millions of people still excluded from formal banking systems. Cash plays a crucial role in bridging this gap. \n\n                While digital solutions promise greater efficiency, they often require infrastructure and literacy that many communities lack. Cash provides a universal, accessible alternative. \n\n                Learn about initiatives and strategies that leverage cash to promote financial inclusion worldwide.  "}}, {"model": "wagtailsearch.indexentry", "pk": 14, "fields": {"content_type": 51, "object_id": "14", "title_norm": 1.9479166666666667, "autocomplete": "daasdasd", "title": "daasdasd", "body": "dasdad asdadasd dasdsd dasdad"}}, {"model": "wagtailsearch.indexentry", "pk": 15, "fields": {"content_type": 51, "object_id": "15", "title_norm": 1.035897435897436, "autocomplete": "Frank test blog", "title": "Frank test blog", "body": "Test Test Test Test"}}, {"model": "wagtailsearch.indexentry", "pk": 16, "fields": {"content_type": 29, "object_id": "2", "title_norm": 2.9571428571428573, "autocomplete": "34567", "title": "34567", "body": ""}}, {"model": "wagtailsearch.indexentry", "pk": 17, "fields": {"content_type": 51, "object_id": "16", "title_norm": 2.3666666666666667, "autocomplete": "tester", "title": "tester", "body": "dew Test eqweqwe Teat"}}, {"model": "wagtailsearch.indexentry", "pk": 18, "fields": {"content_type": 29, "object_id": "3", "title_norm": 1.0865384615384615, "autocomplete": "bank_transfer", "title": "bank_transfer", "body": ""}}, {"model": "wagtailsearch.sqliteftsindexentry", "pk": 2, "fields": {"autocomplete": "1_8eebdccb-ddea-495b-881e-14f661347d8a", "title": "1_8eebdccb-ddea-495b-881e-14f661347d8a", "body": ""}}, {"model": "wagtailsearch.sqliteftsindexentry", "pk": 3, "fields": {"autocomplete": "Home", "title": "Home", "body": ""}}, {"model": "wagtailsearch.sqliteftsindexentry", "pk": 5, "fields": {"autocomplete": "Root", "title": "Root", "body": ""}}, {"model": "wagtailsearch.sqliteftsindexentry", "pk": 6, "fields": {"autocomplete": "Blog", "title": "Blog", "body": "Frank Test Test Test Test"}}, {"model": "wagtailsearch.sqliteftsindexentry", "pk": 7, "fields": {"autocomplete": "Blog", "title": "Blog", "body": "Blog "}}, {"model": "wagtailsearch.sqliteftsindexentry", "pk": 8, "fields": {"autocomplete": "Blog", "title": "Blog", "body": ""}}, {"model": "wagtailsearch.sqliteftsindexentry", "pk": 9, "fields": {"autocomplete": "Test", "title": "Test", "body": "Test test"}}, {"model": "wagtailsearch.sqliteftsindexentry", "pk": 10, "fields": {"autocomplete": "News and Article", "title": "News and Article", "body": ""}}, {"model": "wagtailsearch.sqliteftsindexentry", "pk": 11, "fields": {"autocomplete": "The Future of Digital Payments", "title": "The Future of Digital Payments", "body": "Exploring how digital payments are evolving and what it means for traditional cash systems. Digital payments have revolutionized the way we handle\n                transactions in recent years. From mobile wallets to\n                cryptocurrency, the landscape is constantly changing. \n\n                However, traditional cash remains a cornerstone of financial\n                inclusion, providing privacy, security, and accessibility that\n                digital systems often struggle to match. \n\n                This article explores the current state of digital payments\n                and their coexistence with physical currency in modern\n                economies.  "}}, {"model": "wagtailsearch.sqliteftsindexentry", "pk": 12, "fields": {"autocomplete": "Cash vs Digital: Privacy Considerations", "title": "Cash vs Digital: Privacy Considerations", "body": "An in-depth look at privacy implications of cash versus digital payment methods. Privacy is becoming an increasingly important consideration in financial transactions. While digital payments offer convenience and traceability, they also raise significant privacy concerns. \n\n                Cash transactions, by their very nature, provide a level of anonymity that digital systems cannot match without additional privacy-preserving technologies. \n\n                This post examines the privacy trade-offs between different payment methods and their implications for consumers and businesses.  "}}, {"model": "wagtailsearch.sqliteftsindexentry", "pk": 13, "fields": {"autocomplete": "Financial Inclusion Through Cash", "title": "Financial Inclusion Through Cash", "body": "How cash continues to play a vital role in ensuring financial access for underserved populations. Financial inclusion remains a global challenge, with millions of people still excluded from formal banking systems. Cash plays a crucial role in bridging this gap. \n\n                While digital solutions promise greater efficiency, they often require infrastructure and literacy that many communities lack. Cash provides a universal, accessible alternative. \n\n                Learn about initiatives and strategies that leverage cash to promote financial inclusion worldwide.  "}}, {"model": "wagtailsearch.sqliteftsindexentry", "pk": 14, "fields": {"autocomplete": "daasdasd", "title": "daasdasd", "body": "dasdad asdadasd dasdsd dasdad"}}, {"model": "wagtailsearch.sqliteftsindexentry", "pk": 15, "fields": {"autocomplete": "Frank test blog", "title": "Frank test blog", "body": "Test Test Test Test"}}, {"model": "wagtailsearch.sqliteftsindexentry", "pk": 16, "fields": {"autocomplete": "34567", "title": "34567", "body": ""}}, {"model": "wagtailsearch.sqliteftsindexentry", "pk": 17, "fields": {"autocomplete": "tester", "title": "tester", "body": "dew Test eqweqwe Teat"}}, {"model": "wagtailsearch.sqliteftsindexentry", "pk": 18, "fields": {"autocomplete": "bank_transfer", "title": "bank_transfer", "body": ""}}, {"model": "wagtailcore.locale", "pk": 1, "fields": {"language_code": "en"}}, {"model": "wagtailcore.site", "pk": 2, "fields": {"hostname": "localhost", "port": 80, "site_name": "", "root_page": 3, "is_default_site": true}}, {"model": "wagtailcore.revision", "pk": 5, "fields": {"content_type": 3, "base_content_type": 1, "object_id": "3", "created_at": "2025-12-11T09:05:26.611Z", "user": 3, "object_str": "Home", "content": {"pk": 3, "path": "00010001", "depth": 2, "numchild": 0, "translation_key": "da1013ed-8d87-4741-9dff-8b676a5b77b2", "locale": 1, "latest_revision": null, "live": true, "has_unpublished_changes": false, "first_published_at": null, "last_published_at": null, "live_revision": null, "go_live_at": null, "expire_at": null, "expired": false, "locked": false, "locked_at": null, "locked_by": null, "title": "Home", "draft_title": "Home", "slug": "home", "content_type": 3, "url_path": "/home/", "owner": null, "seo_title": "", "show_in_menus": false, "search_description": "", "latest_revision_created_at": null, "alias_of": null, "wagtail_admin_comments": []}, "approved_go_live_at": null}}, {"model": "wagtailcore.revision", "pk": 7, "fields": {"content_type": 31, "base_content_type": 1, "object_id": "6", "created_at": "2025-12-11T09:07:39.934Z", "user": 3, "object_str": "Blog", "content": {"pk": 6, "path": "00010002", "depth": 2, "numchild": 0, "translation_key": "6e45da6e-efcf-4fb1-b70f-0bdee8a06ab6", "locale": 1, "latest_revision": null, "live": true, "has_unpublished_changes": false, "first_published_at": null, "last_published_at": null, "live_revision": null, "go_live_at": null, "expire_at": null, "expired": false, "locked": false, "locked_at": null, "locked_by": null, "title": "Blog", "draft_title": "Blog", "slug": "blog", "content_type": 31, "url_path": "/blog/", "owner": 3, "seo_title": "", "show_in_menus": false, "search_description": "", "latest_revision_created_at": null, "alias_of": null, "date": "2025-12-11", "intro": "blog", "body": "", "wagtail_admin_comments": []}, "approved_go_live_at": null}}, {"model": "wagtailcore.revision", "pk": 8, "fields": {"content_type": 31, "base_content_type": 1, "object_id": "7", "created_at": "2025-12-11T09:15:36.907Z", "user": 3, "object_str": "Blog", "content": {"pk": 7, "path": "000100020001", "depth": 3, "numchild": 0, "translation_key": "1af8a519-898d-43ab-adaf-27db21d24a33", "locale": 1, "latest_revision": null, "live": true, "has_unpublished_changes": false, "first_published_at": null, "last_published_at": null, "live_revision": null, "go_live_at": null, "expire_at": null, "expired": false, "locked": false, "locked_at": null, "locked_by": null, "title": "Blog", "draft_title": "Blog", "slug": "blog", "content_type": 31, "url_path": "/blog/blog/", "owner": 3, "seo_title": "", "show_in_menus": false, "search_description": "", "latest_revision_created_at": null, "alias_of": null, "date": "2025-12-11", "intro": "Blog", "body": "", "wagtail_admin_comments": []}, "approved_go_live_at": null}}, {"model": "wagtailcore.revision", "pk": 9, "fields": {"content_type": 31, "base_content_type": 1, "object_id": "7", "created_at": "2025-12-11T09:16:12.632Z", "user": 3, "object_str": "Blog", "content": {"pk": 7, "path": "000100020001", "depth": 3, "numchild": 0, "translation_key": "1af8a519-898d-43ab-adaf-27db21d24a33", "locale": 1, "latest_revision": 8, "live": true, "has_unpublished_changes": false, "first_published_at": "2025-12-11T09:15:36.918Z", "last_published_at": "2025-12-11T09:15:36.918Z", "live_revision": 8, "go_live_at": null, "expire_at": null, "expired": false, "locked": false, "locked_at": null, "locked_by": null, "title": "Blog", "draft_title": "Blog", "slug": "blog", "content_type": 31, "url_path": "/blog/blog/", "owner": 3, "seo_title": "", "show_in_menus": false, "search_description": "", "latest_revision_created_at": "2025-12-11T09:15:36.907Z", "alias_of": null, "date": "2025-12-11", "intro": "Blog", "body": "", "wagtail_admin_comments": []}, "approved_go_live_at": null}}, {"model": "wagtailcore.revision", "pk": 10, "fields": {"content_type": 30, "base_content_type": 1, "object_id": "8", "created_at": "2025-12-11T09:23:51.358Z", "user": 3, "object_str": "Blog", "content": {"pk": 8, "path": "000100010001", "depth": 3, "numchild": 0, "translation_key": "73e7179e-d7c7-4282-bcc3-fdd318f05676", "locale": 1, "latest_revision": null, "live": true, "has_unpublished_changes": false, "first_published_at": null, "last_published_at": null, "live_revision": null, "go_live_at": null, "expire_at": null, "expired": false, "locked": false, "locked_at": null, "locked_by": null, "title": "Blog", "draft_title": "Blog", "slug": "blog", "content_type": 30, "url_path": "/home/blog/", "owner": 3, "seo_title": "", "show_in_menus": false, "search_description": "", "latest_revision_created_at": null, "alias_of": null, "intro": "", "wagtail_admin_comments": []}, "approved_go_live_at": null}}, {"model": "wagtailcore.revision", "pk": 11, "fields": {"content_type": 31, "base_content_type": 1, "object_id": "9", "created_at": "2025-12-11T09:49:21.127Z", "user": null, "object_str": "Test", "content": {"pk": 9, "path": "0001000100010001", "depth": 4, "numchild": 0, "translation_key": "26c77545-efcc-46cb-bcf1-0f4ca434c50e", "locale": 1, "latest_revision": null, "live": true, "has_unpublished_changes": false, "first_published_at": null, "last_published_at": null, "live_revision": null, "go_live_at": null, "expire_at": null, "expired": false, "locked": false, "locked_at": null, "locked_by": null, "title": "Test", "draft_title": "Test", "slug": "test", "content_type": 31, "url_path": "/home/blog/test/", "owner": null, "seo_title": "", "show_in_menus": false, "search_description": "", "latest_revision_created_at": null, "alias_of": null, "date": "2025-12-11", "intro": "Test", "body": "test", "wagtail_admin_comments": []}, "approved_go_live_at": null}}, {"model": "wagtailcore.revision", "pk": 12, "fields": {"content_type": 53, "base_content_type": 1, "object_id": "10", "created_at": "2025-12-11T11:58:56.735Z", "user": null, "object_str": "News and Article", "content": {"pk": 10, "path": "000100010002", "depth": 3, "numchild": 0, "translation_key": "49c1832d-7e46-48ca-8461-7c3d90136dea", "locale": 1, "latest_revision": null, "live": true, "has_unpublished_changes": false, "first_published_at": null, "last_published_at": null, "live_revision": null, "go_live_at": null, "expire_at": null, "expired": false, "locked": false, "locked_at": null, "locked_by": null, "title": "News and Article", "draft_title": "News and Article", "slug": "news", "content_type": 53, "url_path": "/home/news/", "owner": null, "seo_title": "", "show_in_menus": false, "search_description": "", "latest_revision_created_at": null, "alias_of": null, "intro": "Latest news and articles from Cash Matters", "wagtail_admin_comments": []}, "approved_go_live_at": null}}, {"model": "wagtailcore.revision", "pk": 13, "fields": {"content_type": 53, "base_content_type": 1, "object_id": "10", "created_at": "2025-12-11T12:02:52.662Z", "user": null, "object_str": "News and Article", "content": {"pk": 10, "path": "000100010002", "depth": 3, "numchild": 0, "translation_key": "49c1832d-7e46-48ca-8461-7c3d90136dea", "locale": 1, "latest_revision": 12, "live": true, "has_unpublished_changes": false, "first_published_at": "2025-12-11T11:58:56.741Z", "last_published_at": "2025-12-11T11:58:56.741Z", "live_revision": 12, "go_live_at": null, "expire_at": null, "expired": false, "locked": false, "locked_at": null, "locked_by": null, "title": "News and Article", "draft_title": "News and Article", "slug": "news", "content_type": 53, "url_path": "/home/news/", "owner": null, "seo_title": "", "show_in_menus": true, "search_description": "", "latest_revision_created_at": "2025-12-11T11:58:56.735Z", "alias_of": null, "intro": "Latest news and articles from Cash Matters", "wagtail_admin_comments": []}, "approved_go_live_at": null}}, {"model": "wagtailcore.revision", "pk": 14, "fields": {"content_type": 30, "base_content_type": 1, "object_id": "8", "created_at": "2025-12-11T12:05:47.504Z", "user": null, "object_str": "Blog", "content": {"pk": 8, "path": "000100010001", "depth": 3, "numchild": 1, "translation_key": "73e7179e-d7c7-4282-bcc3-fdd318f05676", "locale": 1, "latest_revision": 10, "live": true, "has_unpublished_changes": false, "first_published_at": "2025-12-11T09:23:51.368Z", "last_published_at": "2025-12-11T09:23:51.368Z", "live_revision": 10, "go_live_at": null, "expire_at": null, "expired": false, "locked": false, "locked_at": null, "locked_by": null, "title": "Blog", "draft_title": "Blog", "slug": "blog", "content_type": 30, "url_path": "/home/blog/", "owner": 3, "seo_title": "", "show_in_menus": true, "search_description": "", "latest_revision_created_at": "2025-12-11T09:23:51.358Z", "alias_of": null, "intro": "", "wagtail_admin_comments": []}, "approved_go_live_at": null}}, {"model": "wagtailcore.revision", "pk": 15, "fields": {"content_type": 31, "base_content_type": 1, "object_id": "6", "created_at": "2025-12-14T06:45:45.007Z", "user": 3, "object_str": "Blog", "content": {"pk": 6, "path": "00010002", "depth": 2, "numchild": 1, "translation_key": "6e45da6e-efcf-4fb1-b70f-0bdee8a06ab6", "locale": 1, "latest_revision": 7, "live": true, "has_unpublished_changes": false, "first_published_at": "2025-12-11T09:07:39.943Z", "last_published_at": "2025-12-11T09:07:39.943Z", "live_revision": 7, "go_live_at": null, "expire_at": null, "expired": false, "locked": false, "locked_at": null, "locked_by": null, "title": "Blog", "draft_title": "Blog", "slug": "blog", "content_type": 31, "url_path": "/blog/", "owner": 3, "seo_title": "", "show_in_menus": false, "search_description": "", "latest_revision_created_at": "2025-12-11T09:07:39.934Z", "alias_of": null, "date": "2025-12-11", "intro": "Frank Test", "body": "<p data-block-key=\"0evob\">Test</p>", "title_position": "Test", "page_header": "<p data-block-key=\"qguhp\">Test</p>", "page_header_image": 1, "tall_thumbnail": 1, "wide_thumbnail": null, "featured": true, "double_width": false, "white_text": true, "hide_title": false, "color": "", "cm_watermark": true, "alternative_text": "Test", "icon": null, "twitter_body": "Test", "vimeo_id": "321312", "source_link": "https://test.con", "wagtail_admin_comments": [], "article_types": [4, 5], "locations": [6], "sectors": [9]}, "approved_go_live_at": null}}, {"model": "wagtailcore.revision", "pk": 16, "fields": {"content_type": 31, "base_content_type": 1, "object_id": "6", "created_at": "2025-12-14T06:51:06.239Z", "user": 3, "object_str": "Blog", "content": {"pk": 6, "path": "00010002", "depth": 2, "numchild": 1, "translation_key": "6e45da6e-efcf-4fb1-b70f-0bdee8a06ab6", "locale": 1, "latest_revision": 15, "live": true, "has_unpublished_changes": false, "first_published_at": "2025-12-11T09:07:39.943Z", "last_published_at": "2025-12-14T06:45:45.028Z", "live_revision": 15, "go_live_at": null, "expire_at": null, "expired": false, "locked": false, "locked_at": null, "locked_by": null, "title": "Blog", "draft_title": "Blog", "slug": "blog", "content_type": 31, "url_path": "/blog/", "owner": 3, "seo_title": "", "show_in_menus": false, "search_description": "", "latest_revision_created_at": "2025-12-14T06:45:45.007Z", "alias_of": null, "date": "2025-12-11", "intro": "Frank Test", "body": "<p data-block-key=\"0evob\">Test</p>", "title_position": "Test", "page_header": "<p data-block-key=\"qguhp\">Test</p>", "page_header_image": 1, "tall_thumbnail": 1, "wide_thumbnail": null, "featured": true, "double_width": false, "white_text": true, "hide_title": false, "color": "", "cm_watermark": true, "alternative_text": "Test", "icon": null, "twitter_body": "Test", "vimeo_id": "321312", "source_link": "https://test.con", "wagtail_admin_comments": [], "article_types": [4, 5], "locations": [6], "sectors": [9]}, "approved_go_live_at": null}}, {"model": "wagtailcore.revision", "pk": 17, "fields": {"content_type": 31, "base_content_type": 1, "object_id": "6", "created_at": "2025-12-14T06:52:22.385Z", "user": 3, "object_str": "Blog", "content": {"pk": 6, "path": "00010002", "depth": 2, "numchild": 1, "translation_key": "6e45da6e-efcf-4fb1-b70f-0bdee8a06ab6", "locale": 1, "latest_revision": 16, "live": true, "has_unpublished_changes": false, "first_published_at": "2025-12-11T09:07:39.943Z", "last_published_at": "2025-12-14T06:51:31.263Z", "live_revision": 16, "go_live_at": null, "expire_at": null, "expired": false, "locked": false, "locked_at": null, "locked_by": null, "title": "Blog", "draft_title": "Blog", "slug": "blog", "content_type": 31, "url_path": "/blog/", "owner": 3, "seo_title": "", "show_in_menus": false, "search_description": "", "latest_revision_created_at": "2025-12-14T06:51:06.239Z", "alias_of": null, "date": "2025-12-11", "intro": "Frank Test", "body": "<p data-block-key=\"0evob\">Test</p>", "title_position": "Test", "page_header": "<p data-block-key=\"qguhp\">Test</p>", "page_header_image": 1, "tall_thumbnail": 1, "wide_thumbnail": null, "featured": true, "double_width": false, "white_text": true, "hide_title": false, "color": "", "cm_watermark": true, "alternative_text": "Test", "icon": null, "twitter_body": "Test", "vimeo_id": "321312", "source_link": "https://test.con", "wagtail_admin_comments": [], "article_types": [4, 5], "locations": [6], "sectors": [9]}, "approved_go_live_at": null}}, {"model": "wagtailcore.revision", "pk": 18, "fields": {"content_type": 31, "base_content_type": 1, "object_id": "6", "created_at": "2025-12-14T06:52:41.891Z", "user": 3, "object_str": "Blog", "content": {"pk": 6, "path": "00010002", "depth": 2, "numchild": 1, "translation_key": "6e45da6e-efcf-4fb1-b70f-0bdee8a06ab6", "locale": 1, "latest_revision": 17, "live": true, "has_unpublished_changes": true, "first_published_at": "2025-12-11T09:07:39.943Z", "last_published_at": "2025-12-14T06:51:31.263Z", "live_revision": 16, "go_live_at": null, "expire_at": null, "expired": false, "locked": false, "locked_at": null, "locked_by": null, "title": "Blog", "draft_title": "Blog", "slug": "blog", "content_type": 31, "url_path": "/blog/", "owner": 3, "seo_title": "", "show_in_menus": false, "search_description": "", "latest_revision_created_at": "2025-12-14T06:52:22.385Z", "alias_of": null, "date": "2025-12-11", "intro": "Frank Test", "body": "<p data-block-key=\"0evob\">Test</p>", "title_position": "Test", "page_header": "<p data-block-key=\"qguhp\">Test</p>", "page_header_image": 1, "tall_thumbnail": 1, "wide_thumbnail": null, "featured": true, "double_width": false, "white_text": true, "hide_title": false, "color": "", "cm_watermark": true, "alternative_text": "Test", "icon": null, "twitter_body": "Test", "vimeo_id": "321312", "source_link": "https://test.con", "wagtail_admin_comments": [], "article_types": [4, 5], "locations": [6], "sectors": [9]}, "approved_go_live_at": null}}, {"model": "wagtailcore.revision", "pk": 19, "fields": {"content_type": 51, "base_content_type": 1, "object_id": "14", "created_at": "2025-12-14T07:07:02.332Z", "user": 3, "object_str": "daasdasd", "content": {"pk": 14, "path": "0001000100020004", "depth": 4, "numchild": 0, "translation_key": "396c6291-3031-405c-8605-d660abe74c89", "locale": 1, "latest_revision": null, "live": true, "has_unpublished_changes": false, "first_published_at": null, "last_published_at": null, "live_revision": null, "go_live_at": null, "expire_at": null, "expired": false, "locked": false, "locked_at": null, "locked_by": null, "title": "daasdasd", "draft_title": "daasdasd", "slug": "daasdasd", "content_type": 51, "url_path": "/home/news/daasdasd/", "owner": 3, "seo_title": "", "show_in_menus": false, "search_description": "", "latest_revision_created_at": null, "alias_of": null, "date": "2025-12-14", "intro": "dasdad", "body": "<p data-block-key=\"ruilv\">asdadasd</p>", "title_position": "dasd", "page_header": "<p data-block-key=\"enk1c\">dasdsd</p>", "page_header_image": 1, "tall_thumbnail": 1, "wide_thumbnail": null, "featured": true, "double_width": false, "white_text": true, "hide_title": false, "color": "sdasd", "cm_watermark": false, "alternative_text": "dasdasd", "icon": null, "twitter_body": "dasdad", "vimeo_id": "adadad", "source_link": "", "wagtail_admin_comments": [], "article_types": [4], "locations": [1], "sectors": [1]}, "approved_go_live_at": null}}, {"model": "wagtailcore.revision", "pk": 20, "fields": {"content_type": 51, "base_content_type": 1, "object_id": "15", "created_at": "2025-12-15T09:02:28.622Z", "user": 3, "object_str": "Frank test blog", "content": {"pk": 15, "path": "0001000100020005", "depth": 4, "numchild": 0, "translation_key": "471b1e57-064a-45c0-b830-2996ba189cf5", "locale": 1, "latest_revision": null, "live": true, "has_unpublished_changes": false, "first_published_at": null, "last_published_at": null, "live_revision": null, "go_live_at": null, "expire_at": null, "expired": false, "locked": false, "locked_at": null, "locked_by": null, "title": "Frank test blog", "draft_title": "Frank test blog", "slug": "frank-test-blog", "content_type": 51, "url_path": "/home/news/frank-test-blog/", "owner": 3, "seo_title": "", "show_in_menus": false, "search_description": "", "latest_revision_created_at": null, "alias_of": null, "date": "2025-12-15", "intro": "Test", "body": "<p data-block-key=\"2t56r\">Test</p>", "title_position": "test", "page_header": "<p data-block-key=\"r5sh4\">Test</p>", "page_header_image": null, "tall_thumbnail": 1, "wide_thumbnail": 1, "featured": true, "double_width": true, "white_text": true, "hide_title": false, "color": "Test", "cm_watermark": true, "alternative_text": "Test", "icon": null, "twitter_body": "Test", "vimeo_id": "3213123", "source_link": "https://test.com", "wagtail_admin_comments": [], "article_types": [1], "locations": [4], "sectors": [9]}, "approved_go_live_at": null}}, {"model": "wagtailcore.revision", "pk": 21, "fields": {"content_type": 51, "base_content_type": 1, "object_id": "16", "created_at": "2025-12-16T12:11:19.427Z", "user": 3, "object_str": "tester", "content": {"pk": 16, "path": "0001000100020006", "depth": 4, "numchild": 0, "translation_key": "a08109a8-f7d5-4785-9f45-852421a5e1be", "locale": 1, "latest_revision": null, "live": true, "has_unpublished_changes": false, "first_published_at": null, "last_published_at": null, "live_revision": null, "go_live_at": null, "expire_at": null, "expired": false, "locked": false, "locked_at": null, "locked_by": null, "title": "tester", "draft_title": "tester", "slug": "tester", "content_type": 51, "url_path": "/home/news/tester/", "owner": 3, "seo_title": "", "show_in_menus": false, "search_description": "", "latest_revision_created_at": null, "alias_of": null, "date": "2025-12-17", "intro": "dew", "body": "[{\"type\": \"heading\", \"value\": \"Test\", \"id\": \"036609d9-4cef-4064-892e-2948432eb4e6\"}]", "title_position": "ewe", "page_header": "<p data-block-key=\"dh50o\">eqweqwe</p>", "page_header_image": null, "tall_thumbnail": 2, "wide_thumbnail": null, "featured": true, "double_width": false, "white_text": false, "hide_title": false, "color": "Test", "cm_watermark": false, "alternative_text": "", "icon": null, "twitter_body": "Teat", "vimeo_id": "test", "source_link": "https://test.com", "wagtail_admin_comments": [], "article_types": [2], "locations": [3], "sectors": [9]}, "approved_go_live_at": null}}, {"model": "wagtailcore.revision", "pk": 22, "fields": {"content_type": 51, "base_content_type": 1, "object_id": "16", "created_at": "2025-12-16T12:14:51.503Z", "user": 3, "object_str": "tester", "content": {"pk": 16, "path": "0001000100020006", "depth": 4, "numchild": 0, "translation_key": "a08109a8-f7d5-4785-9f45-852421a5e1be", "locale": 1, "latest_revision": 21, "live": true, "has_unpublished_changes": false, "first_published_at": "2025-12-16T12:11:19.437Z", "last_published_at": "2025-12-16T12:11:19.437Z", "live_revision": 21, "go_live_at": null, "expire_at": null, "expired": false, "locked": false, "locked_at": null, "locked_by": null, "title": "tester", "draft_title": "tester", "slug": "tester", "content_type": 51, "url_path": "/home/news/tester/", "owner": 3, "seo_title": "", "show_in_menus": false, "search_description": "", "latest_revision_created_at": "2025-12-16T12:11:19.427Z", "alias_of": null, "date": "2025-12-17", "intro": "dew", "body": "[{\"type\": \"heading\", \"value\": \"Test\", \"id\": \"036609d9-4cef-4064-892e-2948432eb4e6\"}]", "title_position": "ewe", "page_header": "<p data-block-key=\"dh50o\">eqweqwe</p>", "page_header_image": null, "tall_thumbnail": 2, "wide_thumbnail": 3, "featured": true, "double_width": false, "white_text": false, "hide_title": false, "color": "Test", "cm_watermark": false, "alternative_text": "", "icon": null, "twitter_body": "Teat", "vimeo_id": "test", "source_link": "https://test.com", "wagtail_admin_comments": [], "article_types": [2], "locations": [3], "sectors": [9]}, "approved_go_live_at": null}}, {"model": "wagtailcore.collection", "pk": 1, "fields": {"path": "0001", "depth": 1, "numchild": 0, "name": "Root"}}, {"model": "wagtailcore.workflowstate", "pk": 1, "fields": {"content_type": 31, "base_content_type": 1, "object_id": "6", "workflow": 1, "status": "approved", "created_at": "2025-12-14T06:51:06.256Z", "requested_by": 3, "current_task_state": 1}}, {"model": "wagtailcore.workflow", "pk": 1, "fields": {"name": "Moderators approval", "active": true}}, {"model": "wagtailcore.workflowtask", "pk": 1, "fields": {"sort_order": 0, "workflow": 1, "task": 1}}, {"model": "wagtailcore.task", "pk": 1, "fields": {"name": "Moderators approval", "content_type": 2, "active": true}}, {"model": "wagtailcore.groupapprovaltask", "pk": 1, "fields": {"groups": [1]}}, {"model": "wagtailcore.taskstate", "pk": 1, "fields": {"workflow_state": 1, "revision": 16, "task": 1, "status": "approved", "started_at": "2025-12-14T06:51:06.259Z", "finished_at": "2025-12-14T06:51:31.246Z", "finished_by": 3, "comment": "", "content_type": 20}}, {"model": "wagtailcore.page", "pk": 1, "fields": {"path": "0001", "depth": 1, "numchild": 2, "translation_key": "99a9d8a7-3612-470c-9584-4fda0cf4ad59", "locale": 1, "latest_revision": null, "live": true, "has_unpublished_changes": false, "first_published_at": null, "last_published_at": null, "live_revision": null, "go_live_at": null, "expire_at": null, "expired": false, "locked": false, "locked_at": null, "locked_by": null, "title": "Root", "draft_title": "Root", "slug": "root", "content_type": 1, "url_path": "/", "owner": null, "seo_title": "", "show_in_menus": false, "search_description": "", "latest_revision_created_at": null, "alias_of": null}}, {"model": "wagtailcore.page", "pk": 3, "fields": {"path": "00010001", "depth": 2, "numchild": 2, "translation_key": "da1013ed-8d87-4741-9dff-8b676a5b77b2", "locale": 1, "latest_revision": 5, "live": true, "has_unpublished_changes": false, "first_published_at": "2025-12-11T09:05:26.629Z", "last_published_at": "2025-12-11T09:05:26.629Z", "live_revision": 5, "go_live_at": null, "expire_at": null, "expired": false, "locked": false, "locked_at": null, "locked_by": null, "title": "Home", "draft_title": "Home", "slug": "home", "content_type": 3, "url_path": "/home/", "owner": null, "seo_title": "", "show_in_menus": false, "search_description": "", "latest_revision_created_at": "2025-12-11T09:05:26.611Z", "alias_of": null}}, {"model": "wagtailcore.page", "pk": 6, "fields": {"path": "00010002", "depth": 2, "numchild": 1, "translation_key": "6e45da6e-efcf-4fb1-b70f-0bdee8a06ab6", "locale": 1, "latest_revision": 18, "live": true, "has_unpublished_changes": false, "first_published_at": "2025-12-11T09:07:39.943Z", "last_published_at": "2025-12-14T06:52:41.907Z", "live_revision": 18, "go_live_at": null, "expire_at": null, "expired": false, "locked": false, "locked_at": null, "locked_by": null, "title": "Blog", "draft_title": "Blog", "slug": "blog", "content_type": 31, "url_path": "/blog/", "owner": 3, "seo_title": "", "show_in_menus": false, "search_description": "", "latest_revision_created_at": "2025-12-14T06:52:41.891Z", "alias_of": null}}, {"model": "wagtailcore.page", "pk": 7, "fields": {"path": "000100020001", "depth": 3, "numchild": 0, "translation_key": "1af8a519-898d-43ab-adaf-27db21d24a33", "locale": 1, "latest_revision": 9, "live": true, "has_unpublished_changes": false, "first_published_at": "2025-12-11T09:15:36.918Z", "last_published_at": "2025-12-11T09:16:12.651Z", "live_revision": 9, "go_live_at": null, "expire_at": null, "expired": false, "locked": false, "locked_at": null, "locked_by": null, "title": "Blog", "draft_title": "Blog", "slug": "blog", "content_type": 31, "url_path": "/blog/blog/", "owner": 3, "seo_title": "", "show_in_menus": false, "search_description": "", "latest_revision_created_at": "2025-12-11T09:16:12.632Z", "alias_of": null}}, {"model": "wagtailcore.page", "pk": 8, "fields": {"path": "000100010001", "depth": 3, "numchild": 1, "translation_key": "73e7179e-d7c7-4282-bcc3-fdd318f05676", "locale": 1, "latest_revision": 14, "live": true, "has_unpublished_changes": false, "first_published_at": "2025-12-11T09:23:51.368Z", "last_published_at": "2025-12-11T12:05:47.605Z", "live_revision": 14, "go_live_at": null, "expire_at": null, "expired": false, "locked": false, "locked_at": null, "locked_by": null, "title": "Blog", "draft_title": "Blog", "slug": "blog", "content_type": 30, "url_path": "/home/blog/", "owner": 3, "seo_title": "", "show_in_menus": true, "search_description": "", "latest_revision_created_at": "2025-12-11T12:05:47.504Z", "alias_of": null}}, {"model": "wagtailcore.page", "pk": 9, "fields": {"path": "0001000100010001", "depth": 4, "numchild": 0, "translation_key": "26c77545-efcc-46cb-bcf1-0f4ca434c50e", "locale": 1, "latest_revision": 11, "live": true, "has_unpublished_changes": false, "first_published_at": "2025-12-11T09:49:21.136Z", "last_published_at": "2025-12-11T09:49:21.136Z", "live_revision": 11, "go_live_at": null, "expire_at": null, "expired": false, "locked": false, "locked_at": null, "locked_by": null, "title": "Test", "draft_title": "Test", "slug": "test", "content_type": 31, "url_path": "/home/blog/test/", "owner": null, "seo_title": "", "show_in_menus": false, "search_description": "", "latest_revision_created_at": "2025-12-11T09:49:21.127Z", "alias_of": null}}, {"model": "wagtailcore.page", "pk": 10, "fields": {"path": "000100010002", "depth": 3, "numchild": 6, "translation_key": "49c1832d-7e46-48ca-8461-7c3d90136dea", "locale": 1, "latest_revision": 13, "live": true, "has_unpublished_changes": false, "first_published_at": "2025-12-11T11:58:56.741Z", "last_published_at": "2025-12-11T12:02:52.758Z", "live_revision": 13, "go_live_at": null, "expire_at": null, "expired": false, "locked": false, "locked_at": null, "locked_by": null, "title": "News and Article", "draft_title": "News and Article", "slug": "news", "content_type": 53, "url_path": "/home/news/", "owner": null, "seo_title": "", "show_in_menus": true, "search_description": "", "latest_revision_created_at": "2025-12-11T12:02:52.662Z", "alias_of": null}}, {"model": "wagtailcore.page", "pk": 11, "fields": {"path": "0001000100020001", "depth": 4, "numchild": 0, "translation_key": "d55357db-313d-4eea-8f1c-490b8c673781", "locale": 1, "latest_revision": null, "live": true, "has_unpublished_changes": false, "first_published_at": "2025-12-14T06:51:54.236Z", "last_published_at": null, "live_revision": null, "go_live_at": null, "expire_at": null, "expired": false, "locked": false, "locked_at": null, "locked_by": null, "title": "The Future of Digital Payments", "draft_title": "The Future of Digital Payments", "slug": "sample-post-1", "content_type": 51, "url_path": "/home/news/sample-post-1/", "owner": null, "seo_title": "", "show_in_menus": false, "search_description": "", "latest_revision_created_at": null, "alias_of": null}}, {"model": "wagtailcore.page", "pk": 12, "fields": {"path": "0001000100020002", "depth": 4, "numchild": 0, "translation_key": "4de6104a-92f7-4c95-92bf-70cfd8cc2fbf", "locale": 1, "latest_revision": null, "live": true, "has_unpublished_changes": false, "first_published_at": "2025-12-14T06:51:54.344Z", "last_published_at": null, "live_revision": null, "go_live_at": null, "expire_at": null, "expired": false, "locked": false, "locked_at": null, "locked_by": null, "title": "Cash vs Digital: Privacy Considerations", "draft_title": "Cash vs Digital: Privacy Considerations", "slug": "sample-post-2", "content_type": 51, "url_path": "/home/news/sample-post-2/", "owner": null, "seo_title": "", "show_in_menus": false, "search_description": "", "latest_revision_created_at": null, "alias_of": null}}, {"model": "wagtailcore.page", "pk": 13, "fields": {"path": "0001000100020003", "depth": 4, "numchild": 0, "translation_key": "2825fe9f-558e-4dc1-8ed7-42fa668b9a3b", "locale": 1, "latest_revision": null, "live": true, "has_unpublished_changes": false, "first_published_at": "2025-12-14T06:51:54.352Z", "last_published_at": null, "live_revision": null, "go_live_at": null, "expire_at": null, "expired": false, "locked": false, "locked_at": null, "locked_by": null, "title": "Financial Inclusion Through Cash", "draft_title": "Financial Inclusion Through Cash", "slug": "sample-post-3", "content_type": 51, "url_path": "/home/news/sample-post-3/", "owner": null, "seo_title": "", "show_in_menus": false, "search_description": "", "latest_revision_created_at": null, "alias_of": null}}, {"model": "wagtailcore.page", "pk": 14, "fields": {"path": "0001000100020004", "depth": 4, "numchild": 0, "translation_key": "396c6291-3031-405c-8605-d660abe74c89", "locale": 1, "latest_revision": 19, "live": true, "has_unpublished_changes": false, "first_published_at": "2025-12-14T07:07:02.345Z", "last_published_at": "2025-12-14T07:07:02.345Z", "live_revision": 19, "go_live_at": null, "expire_at": null, "expired": false, "locked": false, "locked_at": null, "locked_by": null, "title": "daasdasd", "draft_title": "daasdasd", "slug": "daasdasd", "content_type": 51, "url_path": "/home/news/daasdasd/", "owner": 3, "seo_title": "", "show_in_menus": false, "search_description": "", "latest_revision_created_at": "2025-12-14T07:07:02.332Z", "alias_of": null}}, {"model": "wagtailcore.page", "pk": 15, "fields": {"path": "0001000100020005", "depth": 4, "numchild": 0, "translation_key": "471b1e57-064a-45c0-b830-2996ba189cf5", "locale": 1, "latest_revision": 20, "live": true, "has_unpublished_changes": false, "first_published_at": "2025-12-15T09:02:28.633Z", "last_published_at": "2025-12-15T09:02:28.633Z", "live_revision": 20, "go_live_at": null, "expire_at": null, "expired": false, "locked": false, "locked_at": null, "locked_by": null, "title": "Frank test blog", "draft_title": "Frank test blog", "slug": "frank-test-blog", "content_type": 51, "url_path": "/home/news/frank-test-blog/", "owner": 3, "seo_title": "", "show_in_menus": false, "search_description": "", "latest_revision_created_at": "2025-12-15T09:02:28.622Z", "alias_of": null}}, {"model": "wagtailcore.page", "pk": 16, "fields": {"path": "0001000100020006", "depth": 4, "numchild": 0, "translation_key": "a08109a8-f7d5-4785-9f45-852421a5e1be", "locale": 1, "latest_revision": 22, "live": true, "has_unpublished_changes": false, "first_published_at": "2025-12-16T12:11:19.437Z", "last_published_at": "2025-12-16T12:14:51.516Z", "live_revision": 22, "go_live_at": null, "expire_at": null, "expired": false, "locked": false, "locked_at": null, "locked_by": null, "title": "tester", "draft_title": "tester", "slug": "tester", "content_type": 51, "url_path": "/home/news/tester/", "owner": 3, "seo_title": "", "show_in_menus": false, "search_description": "", "latest_revision_created_at": "2025-12-16T12:14:51.503Z", "alias_of": null}}, {"model": "wagtailcore.workflowpage", "pk": 1, "fields": {"workflow": 1}}, {"model": "wagtailcore.pagelogentry", "pk": 1, "fields": {"content_type": 31, "label": "Blog", "action": "wagtail.create", "data": {}, "timestamp": "2025-12-11T08:00:18.761Z", "uuid": "6b6aa055-c451-411c-a921-a5f31b10d87b", "user": 3, "revision": null, "content_changed": true, "deleted": false, "page": 4}}, {"model": "wagtailcore.pagelogentry", "pk": 2, "fields": {"content_type": 31, "label": "Blog", "action": "wagtail.edit", "data": {}, "timestamp": "2025-12-11T08:00:18.844Z", "uuid": "6b6aa055-c451-411c-a921-a5f31b10d87b", "user": 3, "revision": 1, "content_changed": true, "deleted": false, "page": 4}}, {"model": "wagtailcore.pagelogentry", "pk": 3, "fields": {"content_type": 31, "label": "Blog", "action": "wagtail.edit", "data": {}, "timestamp": "2025-12-11T08:54:48.522Z", "uuid": "ad6befef-03b7-42d4-a395-c0ba8e806f84", "user": 3, "revision": 2, "content_changed": true, "deleted": false, "page": 4}}, {"model": "wagtailcore.pagelogentry", "pk": 4, "fields": {"content_type": 31, "label": "Blog", "action": "wagtail.edit", "data": {}, "timestamp": "2025-12-11T08:55:14.871Z", "uuid": "e5c09cd5-30d7-40e1-b5be-b4aea64f1721", "user": 3, "revision": 3, "content_changed": true, "deleted": false, "page": 4}}, {"model": "wagtailcore.pagelogentry", "pk": 5, "fields": {"content_type": 31, "label": "Blog", "action": "wagtail.lock", "data": {}, "timestamp": "2025-12-11T08:57:33.620Z", "uuid": "7b4685df-78ff-4a0f-b131-1d09dec50385", "user": 3, "revision": null, "content_changed": false, "deleted": false, "page": 4}}, {"model": "wagtailcore.pagelogentry", "pk": 6, "fields": {"content_type": 31, "label": "Blog", "action": "wagtail.unlock", "data": {}, "timestamp": "2025-12-11T08:57:38.792Z", "uuid": "e32a9349-426a-4217-bced-4484624b4932", "user": 3, "revision": null, "content_changed": false, "deleted": false, "page": 4}}, {"model": "wagtailcore.pagelogentry", "pk": 7, "fields": {"content_type": 31, "label": "Blog", "action": "wagtail.edit", "data": {}, "timestamp": "2025-12-11T08:59:35.442Z", "uuid": "e69d7e7e-9c55-490b-994d-89a7a58e2a9d", "user": 3, "revision": 4, "content_changed": true, "deleted": false, "page": 4}}, {"model": "wagtailcore.pagelogentry", "pk": 8, "fields": {"content_type": 3, "label": "Home", "action": "wagtail.edit", "data": {}, "timestamp": "2025-12-11T09:05:26.625Z", "uuid": "cb363644-73bd-464d-99c7-d43871097853", "user": 3, "revision": 5, "content_changed": true, "deleted": false, "page": 3}}, {"model": "wagtailcore.pagelogentry", "pk": 9, "fields": {"content_type": 3, "label": "Home", "action": "wagtail.publish", "data": {}, "timestamp": "2025-12-11T09:05:26.639Z", "uuid": "cb363644-73bd-464d-99c7-d43871097853", "user": 3, "revision": 5, "content_changed": false, "deleted": false, "page": 3}}, {"model": "wagtailcore.pagelogentry", "pk": 10, "fields": {"content_type": 31, "label": "Blog", "action": "wagtail.create", "data": {}, "timestamp": "2025-12-11T09:06:21.257Z", "uuid": "fe9a7ccc-2b38-47ae-9218-460e05d6bb98", "user": 3, "revision": null, "content_changed": true, "deleted": false, "page": 5}}, {"model": "wagtailcore.pagelogentry", "pk": 11, "fields": {"content_type": 31, "label": "Blog", "action": "wagtail.edit", "data": {}, "timestamp": "2025-12-11T09:06:21.276Z", "uuid": "fe9a7ccc-2b38-47ae-9218-460e05d6bb98", "user": 3, "revision": 6, "content_changed": true, "deleted": false, "page": 5}}, {"model": "wagtailcore.pagelogentry", "pk": 12, "fields": {"content_type": 31, "label": "Blog", "action": "wagtail.publish", "data": {}, "timestamp": "2025-12-11T09:06:21.290Z", "uuid": "fe9a7ccc-2b38-47ae-9218-460e05d6bb98", "user": 3, "revision": 6, "content_changed": true, "deleted": false, "page": 5}}, {"model": "wagtailcore.pagelogentry", "pk": 13, "fields": {"content_type": 31, "label": "Blog", "action": "wagtail.delete", "data": {}, "timestamp": "2025-12-11T09:07:13.027Z", "uuid": "b2962762-2db5-46a1-ad6b-1885a6397ced", "user": 3, "revision": null, "content_changed": false, "deleted": true, "page": 5}}, {"model": "wagtailcore.pagelogentry", "pk": 14, "fields": {"content_type": 31, "label": "Blog", "action": "wagtail.delete", "data": {}, "timestamp": "2025-12-11T09:07:13.032Z", "uuid": "b2962762-2db5-46a1-ad6b-1885a6397ced", "user": 3, "revision": null, "content_changed": false, "deleted": true, "page": 4}}, {"model": "wagtailcore.pagelogentry", "pk": 15, "fields": {"content_type": 31, "label": "Blog", "action": "wagtail.create", "data": {}, "timestamp": "2025-12-11T09:07:39.926Z", "uuid": "1cf41c77-ec19-4c11-bcc5-87a20a999495", "user": 3, "revision": null, "content_changed": true, "deleted": false, "page": 6}}, {"model": "wagtailcore.pagelogentry", "pk": 16, "fields": {"content_type": 31, "label": "Blog", "action": "wagtail.edit", "data": {}, "timestamp": "2025-12-11T09:07:39.939Z", "uuid": "1cf41c77-ec19-4c11-bcc5-87a20a999495", "user": 3, "revision": 7, "content_changed": true, "deleted": false, "page": 6}}, {"model": "wagtailcore.pagelogentry", "pk": 17, "fields": {"content_type": 31, "label": "Blog", "action": "wagtail.publish", "data": {}, "timestamp": "2025-12-11T09:07:39.951Z", "uuid": "1cf41c77-ec19-4c11-bcc5-87a20a999495", "user": 3, "revision": 7, "content_changed": true, "deleted": false, "page": 6}}, {"model": "wagtailcore.pagelogentry", "pk": 18, "fields": {"content_type": 31, "label": "Blog", "action": "wagtail.create", "data": {}, "timestamp": "2025-12-11T09:15:36.894Z", "uuid": "c1c7b316-1afa-42e4-a51e-1566071e1912", "user": 3, "revision": null, "content_changed": true, "deleted": false, "page": 7}}, {"model": "wagtailcore.pagelogentry", "pk": 19, "fields": {"content_type": 31, "label": "Blog", "action": "wagtail.edit", "data": {}, "timestamp": "2025-12-11T09:15:36.914Z", "uuid": "c1c7b316-1afa-42e4-a51e-1566071e1912", "user": 3, "revision": 8, "content_changed": true, "deleted": false, "page": 7}}, {"model": "wagtailcore.pagelogentry", "pk": 20, "fields": {"content_type": 31, "label": "Blog", "action": "wagtail.publish", "data": {}, "timestamp": "2025-12-11T09:15:36.928Z", "uuid": "c1c7b316-1afa-42e4-a51e-1566071e1912", "user": 3, "revision": 8, "content_changed": true, "deleted": false, "page": 7}}, {"model": "wagtailcore.pagelogentry", "pk": 21, "fields": {"content_type": 31, "label": "Blog", "action": "wagtail.edit", "data": {}, "timestamp": "2025-12-11T09:16:12.642Z", "uuid": "ca1352e1-8074-4fb6-afaa-8dd83573613f", "user": 3, "revision": 9, "content_changed": true, "deleted": false, "page": 7}}, {"model": "wagtailcore.pagelogentry", "pk": 22, "fields": {"content_type": 31, "label": "Blog", "action": "wagtail.publish", "data": {}, "timestamp": "2025-12-11T09:16:12.663Z", "uuid": "ca1352e1-8074-4fb6-afaa-8dd83573613f", "user": 3, "revision": 9, "content_changed": false, "deleted": false, "page": 7}}, {"model": "wagtailcore.pagelogentry", "pk": 23, "fields": {"content_type": 30, "label": "Blog", "action": "wagtail.create", "data": {}, "timestamp": "2025-12-11T09:23:51.340Z", "uuid": "1c57e2c3-44a1-4cfa-9485-6cfd83fd4937", "user": 3, "revision": null, "content_changed": true, "deleted": false, "page": 8}}, {"model": "wagtailcore.pagelogentry", "pk": 24, "fields": {"content_type": 30, "label": "Blog", "action": "wagtail.edit", "data": {}, "timestamp": "2025-12-11T09:23:51.364Z", "uuid": "1c57e2c3-44a1-4cfa-9485-6cfd83fd4937", "user": 3, "revision": 10, "content_changed": true, "deleted": false, "page": 8}}, {"model": "wagtailcore.pagelogentry", "pk": 25, "fields": {"content_type": 30, "label": "Blog", "action": "wagtail.publish", "data": {}, "timestamp": "2025-12-11T09:23:51.379Z", "uuid": "1c57e2c3-44a1-4cfa-9485-6cfd83fd4937", "user": 3, "revision": 10, "content_changed": true, "deleted": false, "page": 8}}, {"model": "wagtailcore.pagelogentry", "pk": 26, "fields": {"content_type": 31, "label": "Test", "action": "wagtail.create", "data": {}, "timestamp": "2025-12-11T09:49:21.108Z", "uuid": null, "user": null, "revision": null, "content_changed": true, "deleted": false, "page": 9}}, {"model": "wagtailcore.pagelogentry", "pk": 27, "fields": {"content_type": 31, "label": "Test", "action": "wagtail.publish", "data": {}, "timestamp": "2025-12-11T09:49:21.146Z", "uuid": null, "user": null, "revision": 11, "content_changed": true, "deleted": false, "page": 9}}, {"model": "wagtailcore.pagelogentry", "pk": 28, "fields": {"content_type": 53, "label": "News and Article", "action": "wagtail.create", "data": {}, "timestamp": "2025-12-11T11:58:56.724Z", "uuid": null, "user": null, "revision": null, "content_changed": true, "deleted": false, "page": 10}}, {"model": "wagtailcore.pagelogentry", "pk": 29, "fields": {"content_type": 53, "label": "News and Article", "action": "wagtail.publish", "data": {}, "timestamp": "2025-12-11T11:58:56.749Z", "uuid": null, "user": null, "revision": 12, "content_changed": true, "deleted": false, "page": 10}}, {"model": "wagtailcore.pagelogentry", "pk": 30, "fields": {"content_type": 53, "label": "News and Article", "action": "wagtail.publish", "data": {}, "timestamp": "2025-12-11T12:02:52.767Z", "uuid": null, "user": null, "revision": 13, "content_changed": true, "deleted": false, "page": 10}}, {"model": "wagtailcore.pagelogentry", "pk": 31, "fields": {"content_type": 30, "label": "Blog", "action": "wagtail.publish", "data": {}, "timestamp": "2025-12-11T12:05:47.614Z", "uuid": null, "user": null, "revision": 14, "content_changed": true, "deleted": false, "page": 8}}, {"model": "wagtailcore.pagelogentry", "pk": 32, "fields": {"content_type": 51, "label": "The Future of Digital Payments", "action": "wagtail.create", "data": {}, "timestamp": "2025-12-14T06:25:47.094Z", "uuid": null, "user": null, "revision": null, "content_changed": true, "deleted": false, "page": 11}}, {"model": "wagtailcore.pagelogentry", "pk": 33, "fields": {"content_type": 51, "label": "Cash vs Digital: Privacy Considerations", "action": "wagtail.create", "data": {}, "timestamp": "2025-12-14T06:25:47.114Z", "uuid": null, "user": null, "revision": null, "content_changed": true, "deleted": false, "page": 12}}, {"model": "wagtailcore.pagelogentry", "pk": 34, "fields": {"content_type": 51, "label": "Financial Inclusion Through Cash", "action": "wagtail.create", "data": {}, "timestamp": "2025-12-14T06:25:47.129Z", "uuid": null, "user": null, "revision": null, "content_changed": true, "deleted": false, "page": 13}}, {"model": "wagtailcore.pagelogentry", "pk": 35, "fields": {"content_type": 31, "label": "Blog", "action": "wagtail.edit", "data": {}, "timestamp": "2025-12-14T06:45:45.021Z", "uuid": "3bd96ad8-9372-4927-b5c6-0e3096933cf5", "user": 3, "revision": 15, "content_changed": true, "deleted": false, "page": 6}}, {"model": "wagtailcore.pagelogentry", "pk": 36, "fields": {"content_type": 31, "label": "Blog", "action": "wagtail.publish", "data": {}, "timestamp": "2025-12-14T06:45:45.047Z", "uuid": "3bd96ad8-9372-4927-b5c6-0e3096933cf5", "user": 3, "revision": 15, "content_changed": true, "deleted": false, "page": 6}}, {"model": "wagtailcore.pagelogentry", "pk": 37, "fields": {"content_type": 31, "label": "Blog", "action": "wagtail.edit", "data": {}, "timestamp": "2025-12-14T06:51:06.250Z", "uuid": "2691b35d-4e12-4743-91ca-6a689b82d78d", "user": 3, "revision": 16, "content_changed": true, "deleted": false, "page": 6}}, {"model": "wagtailcore.pagelogentry", "pk": 38, "fields": {"content_type": 31, "label": "Blog", "action": "wagtail.workflow.start", "data": {"workflow": {"id": 1, "title": "Moderators approval", "status": "in_progress", "next": {"id": 1, "title": "Moderators approval"}, "task_state_id": 1}}, "timestamp": "2025-12-14T06:51:06.278Z", "uuid": "2691b35d-4e12-4743-91ca-6a689b82d78d", "user": 3, "revision": 16, "content_changed": false, "deleted": false, "page": 6}}, {"model": "wagtailcore.pagelogentry", "pk": 39, "fields": {"content_type": 31, "label": "Blog", "action": "wagtail.workflow.approve", "data": {"workflow": {"id": 1, "title": "Moderators approval", "status": "approved", "task_state_id": 1, "task": {"id": 1, "title": "Moderators approval"}, "next": null}, "comment": ""}, "timestamp": "2025-12-14T06:51:31.252Z", "uuid": "9d878bb4-8e79-42f0-ba9f-9a08f71cb60d", "user": 3, "revision": 16, "content_changed": false, "deleted": false, "page": 6}}, {"model": "wagtailcore.pagelogentry", "pk": 40, "fields": {"content_type": 31, "label": "Blog", "action": "wagtail.publish", "data": {}, "timestamp": "2025-12-14T06:51:31.273Z", "uuid": "9d878bb4-8e79-42f0-ba9f-9a08f71cb60d", "user": 3, "revision": 16, "content_changed": true, "deleted": false, "page": 6}}, {"model": "wagtailcore.pagelogentry", "pk": 41, "fields": {"content_type": 31, "label": "Blog", "action": "wagtail.edit", "data": {}, "timestamp": "2025-12-14T06:52:22.394Z", "uuid": "c71ab332-8ee1-4797-8b3c-50243140c7b7", "user": 3, "revision": 17, "content_changed": true, "deleted": false, "page": 6}}, {"model": "wagtailcore.pagelogentry", "pk": 42, "fields": {"content_type": 31, "label": "Blog", "action": "wagtail.edit", "data": {}, "timestamp": "2025-12-14T06:52:41.901Z", "uuid": "1a343c66-2bb5-4dc2-9b7a-d6ed102afc7c", "user": 3, "revision": 18, "content_changed": true, "deleted": false, "page": 6}}, {"model": "wagtailcore.pagelogentry", "pk": 43, "fields": {"content_type": 31, "label": "Blog", "action": "wagtail.publish", "data": {}, "timestamp": "2025-12-14T06:52:41.923Z", "uuid": "1a343c66-2bb5-4dc2-9b7a-d6ed102afc7c", "user": 3, "revision": 18, "content_changed": false, "deleted": false, "page": 6}}, {"model": "wagtailcore.pagelogentry", "pk": 44, "fields": {"content_type": 51, "label": "daasdasd", "action": "wagtail.create", "data": {}, "timestamp": "2025-12-14T07:07:02.309Z", "uuid": "d70ff9e4-31a9-46e0-b538-beb78798f93e", "user": 3, "revision": null, "content_changed": true, "deleted": false, "page": 14}}, {"model": "wagtailcore.pagelogentry", "pk": 45, "fields": {"content_type": 51, "label": "daasdasd", "action": "wagtail.edit", "data": {}, "timestamp": "2025-12-14T07:07:02.339Z", "uuid": "d70ff9e4-31a9-46e0-b538-beb78798f93e", "user": 3, "revision": 19, "content_changed": true, "deleted": false, "page": 14}}, {"model": "wagtailcore.pagelogentry", "pk": 46, "fields": {"content_type": 51, "label": "daasdasd", "action": "wagtail.publish", "data": {}, "timestamp": "2025-12-14T07:07:02.358Z", "uuid": "d70ff9e4-31a9-46e0-b538-beb78798f93e", "user": 3, "revision": 19, "content_changed": true, "deleted": false, "page": 14}}, {"model": "wagtailcore.pagelogentry", "pk": 47, "fields": {"content_type": 51, "label": "Frank test blog", "action": "wagtail.create", "data": {}, "timestamp": "2025-12-15T09:02:28.607Z", "uuid": "cb542100-12fa-4de8-bb5c-c7fb7b88e0fe", "user": 3, "revision": null, "content_changed": true, "deleted": false, "page": 15}}, {"model": "wagtailcore.pagelogentry", "pk": 48, "fields": {"content_type": 51, "label": "Frank test blog", "action": "wagtail.edit", "data": {}, "timestamp": "2025-12-15T09:02:28.628Z", "uuid": "cb542100-12fa-4de8-bb5c-c7fb7b88e0fe", "user": 3, "revision": 20, "content_changed": true, "deleted": false, "page": 15}}, {"model": "wagtailcore.pagelogentry", "pk": 49, "fields": {"content_type": 51, "label": "Frank test blog", "action": "wagtail.publish", "data": {}, "timestamp": "2025-12-15T09:02:28.645Z", "uuid": "cb542100-12fa-4de8-bb5c-c7fb7b88e0fe", "user": 3, "revision": 20, "content_changed": true, "deleted": false, "page": 15}}, {"model": "wagtailcore.pagelogentry", "pk": 50, "fields": {"content_type": 51, "label": "tester", "action": "wagtail.create", "data": {}, "timestamp": "2025-12-16T12:11:19.417Z", "uuid": "adb079bd-e83d-4222-92d2-cd4735f47a0a", "user": 3, "revision": null, "content_changed": true, "deleted": false, "page": 16}}, {"model": "wagtailcore.pagelogentry", "pk": 51, "fields": {"content_type": 51, "label": "tester", "action": "wagtail.edit", "data": {}, "timestamp": "2025-12-16T12:11:19.432Z", "uuid": "adb079bd-e83d-4222-92d2-cd4735f47a0a", "user": 3, "revision": 21, "content_changed": true, "deleted": false, "page": 16}}, {"model": "wagtailcore.pagelogentry", "pk": 52, "fields": {"content_type": 51, "label": "tester", "action": "wagtail.publish", "data": {}, "timestamp": "2025-12-16T12:11:19.447Z", "uuid": "adb079bd-e83d-4222-92d2-cd4735f47a0a", "user": 3, "revision": 21, "content_changed": true, "deleted": false, "page": 16}}, {"model": "wagtailcore.pagelogentry", "pk": 53, "fields": {"content_type": 51, "label": "tester", "action": "wagtail.edit", "data": {}, "timestamp": "2025-12-16T12:14:51.511Z", "uuid": "b7dcad13-1527-4f75-9ef3-40db7abd9631", "user": 3, "revision": 22, "content_changed": true, "deleted": false, "page": 16}}, {"model": "wagtailcore.pagelogentry", "pk": 54, "fields": {"content_type": 51, "label": "tester", "action": "wagtail.publish", "data": {}, "timestamp": "2025-12-16T12:14:51.531Z", "uuid": "b7dcad13-1527-4f75-9ef3-40db7abd9631", "user": 3, "revision": 22, "content_changed": true, "deleted": false, "page": 16}}, {"model": "wagtailcore.pagesubscription", "pk": 1, "fields": {"user": 3, "page": 3, "comment_notifications": false}}, {"model": "wagtailcore.pagesubscription", "pk": 4, "fields": {"user": 3, "page": 6, "comment_notifications": true}}, {"model": "wagtailcore.pagesubscription", "pk": 5, "fields": {"user": 3, "page": 7, "comment_notifications": true}}, {"model": "wagtailcore.pagesubscription", "pk": 6, "fields": {"user": 3, "page": 8, "comment_notifications": true}}, {"model": "wagtailcore.pagesubscription", "pk": 7, "fields": {"user": 3, "page": 11, "comment_notifications": false}}, {"model": "wagtailcore.pagesubscription", "pk": 8, "fields": {"user": 3, "page": 14, "comment_notifications": true}}, {"model": "wagtailcore.pagesubscription", "pk": 9, "fields": {"user": 3, "page": 15, "comment_notifications": true}}, {"model": "wagtailcore.pagesubscription", "pk": 10, "fields": {"user": 3, "page": 16, "comment_notifications": true}}, {"model": "wagtailcore.referenceindex", "pk": 1, "fields": {"content_type": 29, "base_content_type": 29, "object_id": "1", "to_content_type": 4, "to_object_id": "1", "model_path": "collection", "content_path": "collection", "content_path_hash": "b40b1263-e929-57f2-a7f8-9dbce56b887b"}}, {"model": "wagtailcore.referenceindex", "pk": 2, "fields": {"content_type": 31, "base_content_type": 1, "object_id": "6", "to_content_type": 29, "to_object_id": "1", "model_path": "tall_thumbnail", "content_path": "tall_thumbnail", "content_path_hash": "da620719-05c1-57e4-992d-45f8831fc71b"}}, {"model": "wagtailcore.referenceindex", "pk": 3, "fields": {"content_type": 31, "base_content_type": 1, "object_id": "6", "to_content_type": 29, "to_object_id": "1", "model_path": "page_header_image", "content_path": "page_header_image", "content_path_hash": "558aac9c-1b38-533c-8ea7-5c637a7dbdc9"}}, {"model": "wagtailcore.referenceindex", "pk": 4, "fields": {"content_type": 51, "base_content_type": 1, "object_id": "14", "to_content_type": 29, "to_object_id": "1", "model_path": "tall_thumbnail", "content_path": "tall_thumbnail", "content_path_hash": "da620719-05c1-57e4-992d-45f8831fc71b"}}, {"model": "wagtailcore.referenceindex", "pk": 5, "fields": {"content_type": 51, "base_content_type": 1, "object_id": "14", "to_content_type": 29, "to_object_id": "1", "model_path": "page_header_image", "content_path": "page_header_image", "content_path_hash": "558aac9c-1b38-533c-8ea7-5c637a7dbdc9"}}, {"model": "wagtailcore.referenceindex", "pk": 6, "fields": {"content_type": 51, "base_content_type": 1, "object_id": "15", "to_content_type": 29, "to_object_id": "1", "model_path": "tall_thumbnail", "content_path": "tall_thumbnail", "content_path_hash": "da620719-05c1-57e4-992d-45f8831fc71b"}}, {"model": "wagtailcore.referenceindex", "pk": 7, "fields": {"content_type": 51, "base_content_type": 1, "object_id": "15", "to_content_type": 29, "to_object_id": "1", "model_path": "wide_thumbnail", "content_path": "wide_thumbnail", "content_path_hash": "6ba2ce30-db14-50c4-a965-9825a65ce399"}}, {"model": "wagtailcore.referenceindex", "pk": 8, "fields": {"content_type": 29, "base_content_type": 29, "object_id": "2", "to_content_type": 4, "to_object_id": "1", "model_path": "collection", "content_path": "collection", "content_path_hash": "b40b1263-e929-57f2-a7f8-9dbce56b887b"}}, {"model": "wagtailcore.referenceindex", "pk": 9, "fields": {"content_type": 51, "base_content_type": 1, "object_id": "16", "to_content_type": 29, "to_object_id": "2", "model_path": "tall_thumbnail", "content_path": "tall_thumbnail", "content_path_hash": "da620719-05c1-57e4-992d-45f8831fc71b"}}, {"model": "wagtailcore.referenceindex", "pk": 10, "fields": {"content_type": 29, "base_content_type": 29, "object_id": "3", "to_content_type": 4, "to_object_id": "1", "model_path": "collection", "content_path": "collection", "content_path_hash": "b40b1263-e929-57f2-a7f8-9dbce56b887b"}}, {"model": "wagtailcore.referenceindex", "pk": 11, "fields": {"content_type": 51, "base_content_type": 1, "object_id": "16", "to_content_type": 29, "to_object_id": "3", "model_path": "wide_thumbnail", "content_path": "wide_thumbnail", "content_path_hash": "6ba2ce30-db14-50c4-a965-9825a65ce399"}}, {"model": "auth.group", "pk": 1, "fields": {"name": "Moderators", "permissions": [105, 106, 107, 109, 108, 110, 111, 113, 112]}}, {"model": "auth.group", "pk": 2, "fields": {"name": "Editors", "permissions": [105, 106, 107, 109, 108, 110, 111, 113, 112]}}, {"model": "auth.user", "pk": 3, "fields": {"password": "pbkdf2_sha256$1000000$tvHiMU1at5i9JiePzeY4G9$BQSvgeoEc3Jvo15Z1SJ1Ek5BRBaPfWGa+OGUXWeTc6E=", "last_login": "2025-12-16T16:20:21.949Z", "is_superuser": true, "username": "admin", "first_name": "", "last_name": "", "email": "admin@cashmatters.com", "is_staff": true, "is_active": true, "date_joined": "2025-12-11T07:56:17.415Z", "groups": [], "user_permissions": []}}]